전체,부천중동예쁜카페 라헬의케이크에서 인생샷찍고 복개천 데이트♥,229,https://m.blog.naver.com/2wonyworld/221369392259
전체,부천 인스타 분위기 인생샷 감성 카페 추천 '두루미상회',452,https://m.blog.naver.com/youlim8/221337976257
전체,부천 사진관 전한얼 스튜디오 :) 남자친구랑 커플사진 찰칵~! 인생샷 건진기분>_<,722,https://m.blog.naver.com/lshh6831/221275839441
전체,부천가족사진 잘 찍는 스튜디오위드에서 인생샷 건졌어요,992,https://m.blog.naver.com/bustedfan/221320605316
전체,[부천 카페] : 상동 인생샷 건지는 아토 카페,1199,https://m.blog.naver.com/ariayoung_12_09/221201080149
전체,[부천 스튜디오/부천프로필사진] 인생샷 찍어주는 심수리스튜디오에서 프로필사진 찍었어요!,1406,https://m.blog.naver.com/jiin1884/220941933355
전체,[부천우정사진/부천역사진관]우정사진 인생샷 건지러 미스터포토 부천점으로 오세요~!!,1654,https://m.blog.naver.com/mrphoto5/221170258390
전체,"부천 우정사진 젊은사진관, 이것이 인생샷",1891,https://m.blog.naver.com/limgo0/220965405302
전체,"부천현대카페, 발바닥커피 귀여움 그자체",2187,https://m.blog.naver.com/bsj880502/221343405198
전체,[부천예쁜농장] 커피농장 : 그라운드스터프,2411,https://m.blog.naver.com/ploayy/221335676311
전체,부천시청역카페 발바닥커피 :: 감성가득 분위기좋은 카페,2635,https://m.blog.naver.com/diaudghk/221351625682
전체,부천 중동 예쁜카페/ 느낌있는 BURNING HOUSE/ '버닝하우스' 인생샷 카페/ 부천맛집,2842,https://m.blog.naver.com/sonjeongim/221337878959
전체,[배웅글] 담이강이님 잘 다녀오세요 :-),3066,https://m.cafe.naver.com/thaiinfo/345367
전체,[부천 사진관]미스터 포토에서 다양한 컨셉으로 인생샷 남기세요^^,3231,https://m.blog.naver.com/onelm0715/221090822106
전체,부천베이비스튜디오 덕분에 가족사진 & 인생샷 남기다!,3455,https://m.blog.naver.com/jump841024/220811497409
블로그,가을 피크닉 나들이 추천 부천상동호수공원 (부제 : 인생샷 천장 찍은 날),228,https://m.blog.naver.com/youlim8/221367752692
블로그,부천가족사진 잘 찍는 스튜디오위드에서 인생샷 건졌어요,417,https://m.blog.naver.com/bustedfan/221320605316
블로그,[부천 카페] : 상동 인생샷 건지는 아토 카페,606,https://m.blog.naver.com/ariayoung_12_09/221201080149
블로그,부천중동예쁜카페 라헬의케이크에서 인생샷찍고 복개천 데이트♥,771,https://m.blog.naver.com/2wonyworld/221369392259
블로그,❤️부천가볼만한곳❤️ 인생샷 강추!! 상동호수공원^-^,960,https://m.blog.naver.com/skdusskdltm/221364617887
블로그,[부천 스튜디오/부천프로필사진] 인생샷 찍어주는 심수리스튜디오에서 프로필사진 찍었어요!,1149,https://m.blog.naver.com/jiin1884/220941933355
블로그,"[부천/경기] 2018년도 제6회 경기정원문화박람회에서 인생샷 건져요! : 경기 갈만한 곳, 데이트",1336,https://m.blog.naver.com/arada123/221369251460
블로그,부천 사진관 전한얼 스튜디오 :) 남자친구랑 커플사진 찰칵~! 인생샷 건진기분>_<,1523,https://m.blog.naver.com/lshh6831/221275839441
블로그,[부천/도당동] 부천 장미축제에 다녀오다!!인생샷 건져볼까❤,1712,https://m.blog.naver.com/2mozzzi/221015201310
블로그,"부천 우정사진 젊은사진관, 이것이 인생샷",1901,https://m.blog.naver.com/limgo0/220965405302
블로그,부천 중동 예쁜카페/ 느낌있는 BURNING HOUSE/ '버닝하우스' 인생샷 카페/ 부천맛집,2066,https://m.blog.naver.com/sonjeongim/221337878959
블로그,부천가족사진 스튜디오위드에서 리마인드웨딩으로 부모님과 인생샷찍고왔어요 :),2255,https://m.blog.naver.com/lingjyt/221370498995
블로그,"부천 원종동 인생샷 찍기 좋은 감각적이고 예쁜 카페 원모어 프로포즈 "" one more propose """,2444,https://m.blog.naver.com/appleface23/221056685883
블로그,부천 인스타 분위기 인생샷 감성 카페 추천 '두루미상회',2631,https://m.blog.naver.com/youlim8/221337976257
블로그,★ 부천 중동 롯데백화점 인스타지아 오픈! 이벤트 및 입장안내/ 운영기간 및 시간/ 위치/ 이용후기/ ...,2820,https://m.blog.naver.com/ssasum2/221247793000
카페,[티볼리클럽] 180928 인천/부천 세차벙개 후기,228,https://m.cafe.naver.com/piphone/728369
카페,부천가족사진 완벽한 인생샷,417,https://m.cafe.naver.com/gywjd123456/175
카페,케돌이 인생샷,582,https://m.cafe.naver.com/starzzag/887646
카페,가을스튜디오 x 포튼가먼트 가을엔 가을가을하게 가을스튜디오!,747,https://m.cafe.naver.com/themoredream/12227
카페,우리 쿵이 인생샷 찍고 왔습니다 ~~,936,https://m.cafe.naver.com/dogpalza/13262509
카페,반가워요~^^,1101,https://m.cafe.naver.com/hyhistory4/3101
카페,부천예식장 뭐 이리 완벽하죠?,1266,https://m.cafe.naver.com/marverlove/111101
카페,하트시그널때문에 마카롱 중독됬어요 ㅠㅠ,1431,https://m.cafe.naver.com/myfriendspet/728614
카페,베이비락 도전모델 한윤준 지원합니다.,1596,https://m.cafe.naver.com/stargongyoo/16261
카페,[배웅글] 담이강이님 잘 다녀오세요 :-),1761,https://m.cafe.naver.com/thaiinfo/345367
카페,라망스튜디오 x 포튼가먼트 사랑의 온도는 체온보다 조금 따뜻하게 [부천맞춤정장],1926,https://m.cafe.naver.com/themoredream/11384
카페,부천베이비스튜디오 가족사진 amp 인생샷 남기다,2115,https://m.cafe.naver.com/ss2130/742
카페,부천돌잔치 똑소리나는 쎄쎄쎄로 예약했어요~,2304,https://m.cafe.naver.com/appletreecafe/4673736
카페,부천 탐탐 늦은 번개 후기~,2493,https://m.cafe.naver.com/esnotation/91143
카페,제주도팀 마중투어 못가서 강원도 밤세 방황기,2658,https://m.cafe.naver.com/bmwincheon/4991
